{"DefaultTint":{"r":1.0,"g":1.0,"b":1.0,"a":0.0},"FoldersData":{"Keys":["fbe6813e448b1e844ae423f7986fdf04","90a28141c7b7fd248b1d1cff850889ac","93711e4e0ec6fa1419b4499464d6ae1a","2aac49f7dc544f8489ea95b5f74d0728"],"Values":[{"_guid":"fbe6813e448b1e844ae423f7986fdf04","_color":{"r":0.6084905862808228,"g":0.6413445472717285,"b":1.0,"a":0.13333334028720857},"_recursive":true},{"_guid":"90a28141c7b7fd248b1d1cff850889ac","_color":{"r":1.0,"g":0.5613207817077637,"b":0.5644128322601318,"a":0.13333334028720857},"_recursive":true},{"_guid":"93711e4e0ec6fa1419b4499464d6ae1a","_color":{"r":0.7232175469398499,"g":1.0,"b":0.6117647290229797,"a":0.3137255012989044},"_recursive":true},{"_guid":"2aac49f7dc544f8489ea95b5f74d0728","_color":{"r":0.7845114469528198,"g":0.800000011920929,"b":0.19607843458652497,"a":0.1568627506494522},"_recursive":true}]}}